<?xml version="1.0" encoding="UTF-8"?>
<!DOCTYPE manifest PUBLIC "-//MECA//DTD Manifest v1.0//en" "MECA_manifest.dtd">
<manifest manifest-version="1" xmlns="https://manuscriptexchange.org/schema/manifest" xmlns:xlink="http://www.w3.org/1999/xlink">
  <item item-type="article-metadata">
    <instance media-type="text/xml" xlink:href="index.xml"/>
  </item>
  <item item-type="manuscript">
    <instance media-type="application/pdf" xlink:href="diqa-sequencing-pipeline.pdf"/>
  </item>
  <item item-type="manuscript">
    <instance media-type="application/vnd.openxmlformats-officedocument.wordprocessingml.document" xlink:href="index.docx"/>
  </item>
  <item item-type="manuscript">
    <instance media-type="text/plain" xlink:href="_tex\\index.tex"/>
  </item>
  <item item-type="manuscript-supporting-file">
    <instance media-type="image/png" xlink:href="index_files\\figure-jats\\mermaid-figure-10.png"/>
  </item>
  <item item-type="manuscript-supporting-file">
    <instance media-type="image/png" xlink:href="index_files\\figure-jats\\mermaid-figure-11.png"/>
  </item>
  <item item-type="manuscript-supporting-file">
    <instance media-type="image/png" xlink:href="index_files\\figure-jats\\mermaid-figure-12.png"/>
  </item>
  <item item-type="manuscript-supporting-file">
    <instance media-type="image/png" xlink:href="index_files\\figure-jats\\mermaid-figure-7.png"/>
  </item>
  <item item-type="manuscript-supporting-file">
    <instance media-type="image/png" xlink:href="index_files\\figure-jats\\mermaid-figure-8.png"/>
  </item>
  <item item-type="manuscript-supporting-file">
    <instance media-type="image/png" xlink:href="index_files\\figure-jats\\mermaid-figure-9.png"/>
  </item>
  <item item-type="manuscript-supporting-file">
    <instance media-type="image/png" xlink:href="index_files\\figure-jats\\notebooks-pipeline_counts-cell-8-output-2.png"/>
  </item>
  <item item-type="manuscript-supporting-file">
    <instance media-type="image/png" xlink:href="index_files\\figure-jats\\notebooks-pipeline_counts-cell-9-output-1.png"/>
  </item>
  <item item-type="manuscript-supporting-file">
    <instance media-type="image/png" xlink:href="index_files\\figure-jats\\notebooks-pipeline_counts-fig-countprop-output-1.png"/>
  </item>
  <item item-type="manuscript-supporting-file">
    <instance media-type="image/png" xlink:href="_tex\\index_files\\figure-latex\\mermaid-figure-13.png"/>
  </item>
  <item item-type="manuscript-supporting-file">
    <instance media-type="image/png" xlink:href="_tex\\index_files\\figure-latex\\mermaid-figure-14.png"/>
  </item>
  <item item-type="manuscript-supporting-file">
    <instance media-type="image/png" xlink:href="_tex\\index_files\\figure-latex\\mermaid-figure-15.png"/>
  </item>
  <item item-type="manuscript-supporting-file">
    <instance media-type="image/png" xlink:href="_tex\\index_files\\figure-latex\\mermaid-figure-16.png"/>
  </item>
  <item item-type="manuscript-supporting-file">
    <instance media-type="image/png" xlink:href="_tex\\index_files\\figure-latex\\mermaid-figure-17.png"/>
  </item>
  <item item-type="manuscript-supporting-file">
    <instance media-type="image/png" xlink:href="_tex\\index_files\\figure-latex\\mermaid-figure-18.png"/>
  </item>
  <item item-type="manuscript-supporting-file">
    <instance media-type="image/png" xlink:href="_tex\\index_files\\figure-latex\\notebooks-pipeline_counts-cell-8-output-2.png"/>
  </item>
  <item item-type="manuscript-supporting-file">
    <instance media-type="image/png" xlink:href="_tex\\index_files\\figure-latex\\notebooks-pipeline_counts-cell-9-output-1.png"/>
  </item>
  <item item-type="manuscript-supporting-file">
    <instance media-type="image/png" xlink:href="_tex\\index_files\\figure-latex\\notebooks-pipeline_counts-fig-countprop-output-1.png"/>
  </item>
  <item item-type="manuscript-supporting-file">
    <instance media-type="image/jpeg" xlink:href="_tex\\assets\\overview.jpg"/>
  </item>
  <item item-type="manuscript-supporting-file">
    <instance media-type="image/jpeg" xlink:href="_tex\\assets\\gisaidflow.jpg"/>
  </item>
  <item item-type="manuscript-supporting-file">
    <instance media-type="image/jpeg" xlink:href="_tex\\assets\\external_pulls.jpg"/>
  </item>
  <item item-type="manuscript-supporting-file">
    <instance media-type="image/jpeg" xlink:href="_tex\\assets\\roster.jpg"/>
  </item>
  <item item-type="manuscript-supporting-file">
    <instance media-type="image/png" xlink:href="_tex\\assets\\example_qp_frontend.png"/>
  </item>
  <item item-type="manuscript-supporting-file">
    <instance media-type="application/octet-stream" xlink:href="_tex\\cites.bib"/>
  </item>
  <item item-type="manuscript-supporting-file">
    <instance media-type="image/jpeg" xlink:href="assets\\overview.jpg"/>
  </item>
  <item item-type="manuscript-supporting-file">
    <instance media-type="image/jpeg" xlink:href="assets\\gisaidflow.jpg"/>
  </item>
  <item item-type="manuscript-supporting-file">
    <instance media-type="image/jpeg" xlink:href="assets\\external_pulls.jpg"/>
  </item>
  <item item-type="manuscript-supporting-file">
    <instance media-type="image/jpeg" xlink:href="assets\\roster.jpg"/>
  </item>
  <item item-type="manuscript-supporting-file">
    <instance media-type="image/png" xlink:href="assets\\example_qp_frontend.png"/>
  </item>
  <item item-type="manuscript-supporting-file">
    <instance media-type="application/octet-stream" xlink:href="index.qmd"/>
  </item>
  <item item-type="manuscript-supporting-file">
    <instance media-type="application/octet-stream" xlink:href="notebooks\\elr.Rmd"/>
  </item>
  <item item-type="manuscript-supporting-file">
    <instance media-type="application/octet-stream" xlink:href="notebooks\\fuzzy.Rmd"/>
  </item>
  <item item-type="manuscript-supporting-file">
    <instance media-type="application/octet-stream" xlink:href="notebooks\\KEEP_NA_ROSTER_SECOND_IN_PROGRESS.Rmd"/>
  </item>
  <item item-type="manuscript-supporting-file">
    <instance media-type="application/octet-stream" xlink:href="notebooks\\phl.Rmd"/>
  </item>
  <item item-type="manuscript-supporting-file">
    <instance media-type="application/octet-stream" xlink:href="notebooks\\pipeline_counts.qmd"/>
  </item>
  <item item-type="manuscript-supporting-file">
    <instance media-type="application/octet-stream" xlink:href="notebooks\\ROSTER_COMPILE.Rmd"/>
  </item>
  <item item-type="manuscript-supporting-file">
    <instance media-type="application/octet-stream" xlink:href="notebooks\\template_submitters.Rmd"/>
  </item>
  <item item-type="article-source">
    <instance media-type="application/octet-stream" xlink:href="source\\.gitignore"/>
  </item>
  <item item-type="article-source">
    <instance media-type="application/octet-stream" xlink:href="source\\_extensions\\quarto-journals\\agu\\_extension.yml"/>
  </item>
  <item item-type="article-source">
    <instance media-type="application/octet-stream" xlink:href="source\\_extensions\\quarto-journals\\agu\\agu.lua"/>
  </item>
  <item item-type="article-source">
    <instance media-type="application/octet-stream" xlink:href="source\\_extensions\\quarto-journals\\agu\\agujournal2019.cls"/>
  </item>
  <item item-type="article-source">
    <instance media-type="application/octet-stream" xlink:href="source\\_extensions\\quarto-journals\\agu\\american-geophysical-union.csl"/>
  </item>
  <item item-type="article-source">
    <instance media-type="text/plain" xlink:href="source\\_extensions\\quarto-journals\\agu\\partials\\_affiliations.tex"/>
  </item>
  <item item-type="article-source">
    <instance media-type="text/plain" xlink:href="source\\_extensions\\quarto-journals\\agu\\partials\\_authors.tex"/>
  </item>
  <item item-type="article-source">
    <instance media-type="text/plain" xlink:href="source\\_extensions\\quarto-journals\\agu\\partials\\_corresponding-author.tex"/>
  </item>
  <item item-type="article-source">
    <instance media-type="text/plain" xlink:href="source\\_extensions\\quarto-journals\\agu\\partials\\before-body.tex"/>
  </item>
  <item item-type="article-source">
    <instance media-type="text/plain" xlink:href="source\\_extensions\\quarto-journals\\agu\\partials\\title.tex"/>
  </item>
  <item item-type="article-source">
    <instance media-type="application/octet-stream" xlink:href="source\\_extensions\\quarto-journals\\agu\\trackchanges.sty"/>
  </item>
  <item item-type="article-source">
    <instance media-type="application/octet-stream" xlink:href="source\\_extensions\\quarto-journals\\jasa\\_extension.yml"/>
  </item>
  <item item-type="article-source">
    <instance media-type="application/octet-stream" xlink:href="source\\_extensions\\quarto-journals\\jasa\\agsm.bst"/>
  </item>
  <item item-type="article-source">
    <instance media-type="application/octet-stream" xlink:href="source\\_extensions\\quarto-journals\\jasa\\american-statistical-association.csl"/>
  </item>
  <item item-type="article-source">
    <instance media-type="application/octet-stream" xlink:href="source\\_extensions\\quarto-journals\\jasa\\custom.scss"/>
  </item>
  <item item-type="article-source">
    <instance media-type="application/octet-stream" xlink:href="source\\_extensions\\quarto-journals\\jasa\\jasa.lua"/>
  </item>
  <item item-type="article-source">
    <instance media-type="text/plain" xlink:href="source\\_extensions\\quarto-journals\\jasa\\partials\\_include-in-header.tex"/>
  </item>
  <item item-type="article-source">
    <instance media-type="text/plain" xlink:href="source\\_extensions\\quarto-journals\\jasa\\partials\\before-body.tex"/>
  </item>
  <item item-type="article-source">
    <instance media-type="text/plain" xlink:href="source\\_extensions\\quarto-journals\\jasa\\partials\\title.tex"/>
  </item>
  <item item-type="article-source">
    <instance media-type="application/octet-stream" xlink:href="source\\_extensions\\quarto-journals\\jasa\\shortcodes.lua"/>
  </item>
  <item item-type="article-source">
    <instance media-type="application/json" xlink:href="source\\_freeze\\notebooks\\Dashboard_ALL\\execute-results\\html.json"/>
  </item>
  <item item-type="article-source">
    <instance media-type="application/json" xlink:href="source\\_freeze\\notebooks\\Dashboard_ALL\\execute-results\\xml.json"/>
  </item>
  <item item-type="article-source">
    <instance media-type="application/json" xlink:href="source\\_freeze\\notebooks\\ELR_Roster_Script\\execute-results\\html.json"/>
  </item>
  <item item-type="article-source">
    <instance media-type="application/json" xlink:href="source\\_freeze\\notebooks\\ELR_Roster_Script\\execute-results\\xml.json"/>
  </item>
  <item item-type="article-source">
    <instance media-type="application/json" xlink:href="source\\_freeze\\notebooks\\FUZZY_MATCHING\\execute-results\\html.json"/>
  </item>
  <item item-type="article-source">
    <instance media-type="application/json" xlink:href="source\\_freeze\\notebooks\\FUZZY_MATCHING\\execute-results\\xml.json"/>
  </item>
  <item item-type="article-source">
    <instance media-type="application/json" xlink:href="source\\_freeze\\notebooks\\KEEP_NA_ROSTER_SECOND_IN_PROGRESS\\execute-results\\html.json"/>
  </item>
  <item item-type="article-source">
    <instance media-type="application/json" xlink:href="source\\_freeze\\notebooks\\KEEP_NA_ROSTER_SECOND_IN_PROGRESS\\execute-results\\xml.json"/>
  </item>
  <item item-type="article-source">
    <instance media-type="application/json" xlink:href="source\\_freeze\\notebooks\\ROSTER_COMPILE\\execute-results\\html.json"/>
  </item>
  <item item-type="article-source">
    <instance media-type="application/json" xlink:href="source\\_freeze\\notebooks\\ROSTER_COMPILE\\execute-results\\xml.json"/>
  </item>
  <item item-type="article-source">
    <instance media-type="application/json" xlink:href="source\\_freeze\\notebooks\\TEMPLATE_SUBMITTERS_TO_ROSTER\\execute-results\\html.json"/>
  </item>
  <item item-type="article-source">
    <instance media-type="application/json" xlink:href="source\\_freeze\\notebooks\\TEMPLATE_SUBMITTERS_TO_ROSTER\\execute-results\\xml.json"/>
  </item>
  <item item-type="article-source">
    <instance media-type="application/json" xlink:href="source\\_freeze\\notebooks\\elr\\execute-results\\html.json"/>
  </item>
  <item item-type="article-source">
    <instance media-type="application/json" xlink:href="source\\_freeze\\notebooks\\elr\\execute-results\\xml.json"/>
  </item>
  <item item-type="article-source">
    <instance media-type="application/json" xlink:href="source\\_freeze\\notebooks\\example\\execute-results\\html.json"/>
  </item>
  <item item-type="article-source">
    <instance media-type="application/json" xlink:href="source\\_freeze\\notebooks\\fuzzy\\execute-results\\html.json"/>
  </item>
  <item item-type="article-source">
    <instance media-type="application/json" xlink:href="source\\_freeze\\notebooks\\fuzzy\\execute-results\\xml.json"/>
  </item>
  <item item-type="article-source">
    <instance media-type="application/json" xlink:href="source\\_freeze\\notebooks\\gap_data\\execute-results\\html.json"/>
  </item>
  <item item-type="article-source">
    <instance media-type="application/json" xlink:href="source\\_freeze\\notebooks\\gap_data\\execute-results\\xml.json"/>
  </item>
  <item item-type="article-source">
    <instance media-type="application/json" xlink:href="source\\_freeze\\notebooks\\phl\\execute-results\\html.json"/>
  </item>
  <item item-type="article-source">
    <instance media-type="application/json" xlink:href="source\\_freeze\\notebooks\\phl\\execute-results\\xml.json"/>
  </item>
  <item item-type="article-source">
    <instance media-type="application/json" xlink:href="source\\_freeze\\notebooks\\pipeline_counts\\execute-results\\html.json"/>
  </item>
  <item item-type="article-source">
    <instance media-type="image/png" xlink:href="source\\_freeze\\notebooks\\pipeline_counts\\figure-html\\fig-countprop-1.png"/>
  </item>
  <item item-type="article-source">
    <instance media-type="image/png" xlink:href="source\\_freeze\\notebooks\\pipeline_counts\\figure-html\\unnamed-chunk-7-1.png"/>
  </item>
  <item item-type="article-source">
    <instance media-type="image/png" xlink:href="source\\_freeze\\notebooks\\pipeline_counts\\figure-html\\unnamed-chunk-8-1.png"/>
  </item>
  <item item-type="article-source">
    <instance media-type="application/json" xlink:href="source\\_freeze\\notebooks\\template_submitters\\execute-results\\html.json"/>
  </item>
  <item item-type="article-source">
    <instance media-type="application/json" xlink:href="source\\_freeze\\notebooks\\template_submitters\\execute-results\\xml.json"/>
  </item>
  <item item-type="article-source">
    <instance media-type="application/json" xlink:href="source\\_freeze\\notebooks\\wdrs_qa\\execute-results\\html.json"/>
  </item>
  <item item-type="article-source">
    <instance media-type="application/json" xlink:href="source\\_freeze\\notebooks\\wdrs_qa\\execute-results\\xml.json"/>
  </item>
  <item item-type="article-source">
    <instance media-type="application/json" xlink:href="source\\_freeze\\notebooks\\wdrs_summary\\execute-results\\html.json"/>
  </item>
  <item item-type="article-source">
    <instance media-type="application/json" xlink:href="source\\_freeze\\notebooks\\wdrs_summary\\execute-results\\xml.json"/>
  </item>
  <item item-type="article-source">
    <instance media-type="image/png" xlink:href="source\\_freeze\\notebooks\\wdrs_summary\\figure-html\\fig-countprop-1.png"/>
  </item>
  <item item-type="article-source">
    <instance media-type="image/png" xlink:href="source\\_freeze\\notebooks\\wdrs_summary\\figure-html\\unnamed-chunk-6-1.png"/>
  </item>
  <item item-type="article-source">
    <instance media-type="image/png" xlink:href="source\\_freeze\\notebooks\\wdrs_summary\\figure-html\\unnamed-chunk-7-1.png"/>
  </item>
  <item item-type="article-source">
    <instance media-type="image/png" xlink:href="source\\_freeze\\notebooks\\wdrs_summary\\figure-html\\unnamed-chunk-8-1.png"/>
  </item>
  <item item-type="article-source">
    <instance media-type="text/css" xlink:href="source\\_freeze\\site_libs\\bootstrap\\bootstrap-icons.css"/>
  </item>
  <item item-type="article-source">
    <instance media-type="application/font-woff" xlink:href="source\\_freeze\\site_libs\\bootstrap\\bootstrap-icons.woff"/>
  </item>
  <item item-type="article-source">
    <instance media-type="application/javascript" xlink:href="source\\_freeze\\site_libs\\bootstrap\\bootstrap.min.js"/>
  </item>
  <item item-type="article-source">
    <instance media-type="application/javascript" xlink:href="source\\_freeze\\site_libs\\clipboard\\clipboard.min.js"/>
  </item>
  <item item-type="article-source">
    <instance media-type="application/javascript" xlink:href="source\\_freeze\\site_libs\\kePrint-0.0.1\\kePrint.js"/>
  </item>
  <item item-type="article-source">
    <instance media-type="text/css" xlink:href="source\\_freeze\\site_libs\\lightable-0.0.1\\lightable.css"/>
  </item>
  <item item-type="article-source">
    <instance media-type="application/javascript" xlink:href="source\\_freeze\\site_libs\\manuscript-notebook\\headroom.min.js"/>
  </item>
  <item item-type="article-source">
    <instance media-type="text/css" xlink:href="source\\_freeze\\site_libs\\quarto-contrib\\glightbox\\glightbox.min.css"/>
  </item>
  <item item-type="article-source">
    <instance media-type="application/javascript" xlink:href="source\\_freeze\\site_libs\\quarto-contrib\\glightbox\\glightbox.min.js"/>
  </item>
  <item item-type="article-source">
    <instance media-type="text/css" xlink:href="source\\_freeze\\site_libs\\quarto-contrib\\glightbox\\lightbox.css"/>
  </item>
  <item item-type="article-source">
    <instance media-type="application/javascript" xlink:href="source\\_freeze\\site_libs\\quarto-diagram\\mermaid-init.js"/>
  </item>
  <item item-type="article-source">
    <instance media-type="text/css" xlink:href="source\\_freeze\\site_libs\\quarto-diagram\\mermaid.css"/>
  </item>
  <item item-type="article-source">
    <instance media-type="application/javascript" xlink:href="source\\_freeze\\site_libs\\quarto-diagram\\mermaid.min.js"/>
  </item>
  <item item-type="article-source">
    <instance media-type="application/javascript" xlink:href="source\\_freeze\\site_libs\\quarto-html\\anchor.min.js"/>
  </item>
  <item item-type="article-source">
    <instance media-type="application/javascript" xlink:href="source\\_freeze\\site_libs\\quarto-html\\popper.min.js"/>
  </item>
  <item item-type="article-source">
    <instance media-type="text/css" xlink:href="source\\_freeze\\site_libs\\quarto-html\\quarto-syntax-highlighting.css"/>
  </item>
  <item item-type="article-source">
    <instance media-type="application/javascript" xlink:href="source\\_freeze\\site_libs\\quarto-html\\quarto.js"/>
  </item>
  <item item-type="article-source">
    <instance media-type="text/css" xlink:href="source\\_freeze\\site_libs\\quarto-html\\tippy.css"/>
  </item>
  <item item-type="article-source">
    <instance media-type="application/javascript" xlink:href="source\\_freeze\\site_libs\\quarto-html\\tippy.umd.min.js"/>
  </item>
  <item item-type="article-source">
    <instance media-type="image/png" xlink:href="source\\_manuscript\\_tex\\assets\\example_qp_frontend.png"/>
  </item>
  <item item-type="article-source">
    <instance media-type="image/jpeg" xlink:href="source\\_manuscript\\_tex\\assets\\external_pulls.jpg"/>
  </item>
  <item item-type="article-source">
    <instance media-type="image/jpeg" xlink:href="source\\_manuscript\\_tex\\assets\\gisaidflow.jpg"/>
  </item>
  <item item-type="article-source">
    <instance media-type="image/jpeg" xlink:href="source\\_manuscript\\_tex\\assets\\overview.jpg"/>
  </item>
  <item item-type="article-source">
    <instance media-type="image/jpeg" xlink:href="source\\_manuscript\\_tex\\assets\\roster.jpg"/>
  </item>
  <item item-type="article-source">
    <instance media-type="application/octet-stream" xlink:href="source\\_manuscript\\_tex\\cites.bib"/>
  </item>
  <item item-type="article-source">
    <instance media-type="text/plain" xlink:href="source\\_manuscript\\_tex\\index.tex"/>
  </item>
  <item item-type="article-source">
    <instance media-type="image/png" xlink:href="source\\_manuscript\\_tex\\index_files\\figure-latex\\mermaid-figure-13.png"/>
  </item>
  <item item-type="article-source">
    <instance media-type="image/png" xlink:href="source\\_manuscript\\_tex\\index_files\\figure-latex\\mermaid-figure-14.png"/>
  </item>
  <item item-type="article-source">
    <instance media-type="image/png" xlink:href="source\\_manuscript\\_tex\\index_files\\figure-latex\\mermaid-figure-15.png"/>
  </item>
  <item item-type="article-source">
    <instance media-type="image/png" xlink:href="source\\_manuscript\\_tex\\index_files\\figure-latex\\mermaid-figure-16.png"/>
  </item>
  <item item-type="article-source">
    <instance media-type="image/png" xlink:href="source\\_manuscript\\_tex\\index_files\\figure-latex\\mermaid-figure-17.png"/>
  </item>
  <item item-type="article-source">
    <instance media-type="image/png" xlink:href="source\\_manuscript\\_tex\\index_files\\figure-latex\\mermaid-figure-18.png"/>
  </item>
  <item item-type="article-source">
    <instance media-type="image/png" xlink:href="source\\_manuscript\\_tex\\index_files\\figure-latex\\notebooks-pipeline_counts-cell-8-output-2.png"/>
  </item>
  <item item-type="article-source">
    <instance media-type="image/png" xlink:href="source\\_manuscript\\_tex\\index_files\\figure-latex\\notebooks-pipeline_counts-cell-9-output-1.png"/>
  </item>
  <item item-type="article-source">
    <instance media-type="image/png" xlink:href="source\\_manuscript\\_tex\\index_files\\figure-latex\\notebooks-pipeline_counts-fig-countprop-output-1.png"/>
  </item>
  <item item-type="article-source">
    <instance media-type="image/png" xlink:href="source\\_manuscript\\assets\\example_qp_frontend.png"/>
  </item>
  <item item-type="article-source">
    <instance media-type="image/jpeg" xlink:href="source\\_manuscript\\assets\\external_pulls.jpg"/>
  </item>
  <item item-type="article-source">
    <instance media-type="image/jpeg" xlink:href="source\\_manuscript\\assets\\gisaidflow.jpg"/>
  </item>
  <item item-type="article-source">
    <instance media-type="image/jpeg" xlink:href="source\\_manuscript\\assets\\overview.jpg"/>
  </item>
  <item item-type="article-source">
    <instance media-type="image/svg+xml" xlink:href="source\\_manuscript\\assets\\phl_1-0.drawio.svg"/>
  </item>
  <item item-type="article-source">
    <instance media-type="image/jpeg" xlink:href="source\\_manuscript\\assets\\roster.jpg"/>
  </item>
  <item item-type="article-source">
    <instance media-type="application/pdf" xlink:href="source\\_manuscript\\diqa-sequencing-pipeline.pdf"/>
  </item>
  <item item-type="article-source">
    <instance media-type="application/octet-stream" xlink:href="source\\_manuscript\\index-meca.zip"/>
  </item>
  <item item-type="article-source">
    <instance media-type="application/vnd.openxmlformats-officedocument.wordprocessingml.document" xlink:href="source\\_manuscript\\index.docx"/>
  </item>
  <item item-type="article-source">
    <instance media-type="application/x-ipynb+json" xlink:href="source\\_manuscript\\index.embed.ipynb"/>
  </item>
  <item item-type="article-source">
    <instance media-type="application/x-ipynb+json" xlink:href="source\\_manuscript\\index.out.ipynb"/>
  </item>
  <item item-type="article-source">
    <instance media-type="application/octet-stream" xlink:href="source\\_manuscript\\index.qmd"/>
  </item>
  <item item-type="article-source">
    <instance media-type="text/xml" xlink:href="source\\_manuscript\\index.xml"/>
  </item>
  <item item-type="article-source">
    <instance media-type="image/png" xlink:href="source\\_manuscript\\index_files\\figure-html\\notebooks-pipeline_counts-cell-8-output-2.png"/>
  </item>
  <item item-type="article-source">
    <instance media-type="image/png" xlink:href="source\\_manuscript\\index_files\\figure-html\\notebooks-pipeline_counts-cell-9-output-1.png"/>
  </item>
  <item item-type="article-source">
    <instance media-type="image/png" xlink:href="source\\_manuscript\\index_files\\figure-html\\notebooks-pipeline_counts-fig-countprop-output-1.png"/>
  </item>
  <item item-type="article-source">
    <instance media-type="image/png" xlink:href="source\\_manuscript\\index_files\\figure-jats\\mermaid-figure-10.png"/>
  </item>
  <item item-type="article-source">
    <instance media-type="image/png" xlink:href="source\\_manuscript\\index_files\\figure-jats\\mermaid-figure-11.png"/>
  </item>
  <item item-type="article-source">
    <instance media-type="image/png" xlink:href="source\\_manuscript\\index_files\\figure-jats\\mermaid-figure-12.png"/>
  </item>
  <item item-type="article-source">
    <instance media-type="image/png" xlink:href="source\\_manuscript\\index_files\\figure-jats\\mermaid-figure-7.png"/>
  </item>
  <item item-type="article-source">
    <instance media-type="image/png" xlink:href="source\\_manuscript\\index_files\\figure-jats\\mermaid-figure-8.png"/>
  </item>
  <item item-type="article-source">
    <instance media-type="image/png" xlink:href="source\\_manuscript\\index_files\\figure-jats\\mermaid-figure-9.png"/>
  </item>
  <item item-type="article-source">
    <instance media-type="image/png" xlink:href="source\\_manuscript\\index_files\\figure-jats\\notebooks-pipeline_counts-cell-8-output-2.png"/>
  </item>
  <item item-type="article-source">
    <instance media-type="image/png" xlink:href="source\\_manuscript\\index_files\\figure-jats\\notebooks-pipeline_counts-cell-9-output-1.png"/>
  </item>
  <item item-type="article-source">
    <instance media-type="image/png" xlink:href="source\\_manuscript\\index_files\\figure-jats\\notebooks-pipeline_counts-fig-countprop-output-1.png"/>
  </item>
  <item item-type="article-source">
    <instance media-type="application/octet-stream" xlink:href="source\\_manuscript\\notebooks\\KEEP_NA_ROSTER_SECOND_IN_PROGRESS.Rmd"/>
  </item>
  <item item-type="article-source">
    <instance media-type="application/x-ipynb+json" xlink:href="source\\_manuscript\\notebooks\\KEEP_NA_ROSTER_SECOND_IN_PROGRESS.out.ipynb"/>
  </item>
  <item item-type="article-source">
    <instance media-type="application/octet-stream" xlink:href="source\\_manuscript\\notebooks\\ROSTER_COMPILE.Rmd"/>
  </item>
  <item item-type="article-source">
    <instance media-type="application/x-ipynb+json" xlink:href="source\\_manuscript\\notebooks\\ROSTER_COMPILE.out.ipynb"/>
  </item>
  <item item-type="article-source">
    <instance media-type="application/octet-stream" xlink:href="source\\_manuscript\\notebooks\\elr.Rmd"/>
  </item>
  <item item-type="article-source">
    <instance media-type="application/x-ipynb+json" xlink:href="source\\_manuscript\\notebooks\\elr.out.ipynb"/>
  </item>
  <item item-type="article-source">
    <instance media-type="application/octet-stream" xlink:href="source\\_manuscript\\notebooks\\fuzzy.Rmd"/>
  </item>
  <item item-type="article-source">
    <instance media-type="application/x-ipynb+json" xlink:href="source\\_manuscript\\notebooks\\fuzzy.out.ipynb"/>
  </item>
  <item item-type="article-source">
    <instance media-type="application/octet-stream" xlink:href="source\\_manuscript\\notebooks\\phl.Rmd"/>
  </item>
  <item item-type="article-source">
    <instance media-type="application/x-ipynb+json" xlink:href="source\\_manuscript\\notebooks\\phl.out.ipynb"/>
  </item>
  <item item-type="article-source">
    <instance media-type="application/x-ipynb+json" xlink:href="source\\_manuscript\\notebooks\\pipeline_counts.embed.ipynb"/>
  </item>
  <item item-type="article-source">
    <instance media-type="application/x-ipynb+json" xlink:href="source\\_manuscript\\notebooks\\pipeline_counts.out.ipynb"/>
  </item>
  <item item-type="article-source">
    <instance media-type="application/octet-stream" xlink:href="source\\_manuscript\\notebooks\\pipeline_counts.qmd"/>
  </item>
  <item item-type="article-source">
    <instance media-type="image/png" xlink:href="source\\_manuscript\\notebooks\\pipeline_counts_files\\figure-html\\fig-countprop-1.png"/>
  </item>
  <item item-type="article-source">
    <instance media-type="image/png" xlink:href="source\\_manuscript\\notebooks\\pipeline_counts_files\\figure-html\\unnamed-chunk-7-1.png"/>
  </item>
  <item item-type="article-source">
    <instance media-type="image/png" xlink:href="source\\_manuscript\\notebooks\\pipeline_counts_files\\figure-html\\unnamed-chunk-8-1.png"/>
  </item>
  <item item-type="article-source">
    <instance media-type="application/octet-stream" xlink:href="source\\_manuscript\\notebooks\\template_submitters.Rmd"/>
  </item>
  <item item-type="article-source">
    <instance media-type="application/x-ipynb+json" xlink:href="source\\_manuscript\\notebooks\\template_submitters.out.ipynb"/>
  </item>
  <item item-type="article-source">
    <instance media-type="text/css" xlink:href="source\\_manuscript\\site_libs\\bootstrap\\bootstrap-icons.css"/>
  </item>
  <item item-type="article-source">
    <instance media-type="application/font-woff" xlink:href="source\\_manuscript\\site_libs\\bootstrap\\bootstrap-icons.woff"/>
  </item>
  <item item-type="article-source">
    <instance media-type="application/javascript" xlink:href="source\\_manuscript\\site_libs\\bootstrap\\bootstrap.min.js"/>
  </item>
  <item item-type="article-source">
    <instance media-type="application/javascript" xlink:href="source\\_manuscript\\site_libs\\clipboard\\clipboard.min.js"/>
  </item>
  <item item-type="article-source">
    <instance media-type="application/javascript" xlink:href="source\\_manuscript\\site_libs\\kePrint-0.0.1\\kePrint.js"/>
  </item>
  <item item-type="article-source">
    <instance media-type="text/css" xlink:href="source\\_manuscript\\site_libs\\lightable-0.0.1\\lightable.css"/>
  </item>
  <item item-type="article-source">
    <instance media-type="application/javascript" xlink:href="source\\_manuscript\\site_libs\\manuscript-notebook\\headroom.min.js"/>
  </item>
  <item item-type="article-source">
    <instance media-type="text/css" xlink:href="source\\_manuscript\\site_libs\\quarto-contrib\\glightbox\\glightbox.min.css"/>
  </item>
  <item item-type="article-source">
    <instance media-type="application/javascript" xlink:href="source\\_manuscript\\site_libs\\quarto-contrib\\glightbox\\glightbox.min.js"/>
  </item>
  <item item-type="article-source">
    <instance media-type="text/css" xlink:href="source\\_manuscript\\site_libs\\quarto-contrib\\glightbox\\lightbox.css"/>
  </item>
  <item item-type="article-source">
    <instance media-type="application/javascript" xlink:href="source\\_manuscript\\site_libs\\quarto-diagram\\mermaid-init.js"/>
  </item>
  <item item-type="article-source">
    <instance media-type="text/css" xlink:href="source\\_manuscript\\site_libs\\quarto-diagram\\mermaid.css"/>
  </item>
  <item item-type="article-source">
    <instance media-type="application/javascript" xlink:href="source\\_manuscript\\site_libs\\quarto-diagram\\mermaid.min.js"/>
  </item>
  <item item-type="article-source">
    <instance media-type="application/javascript" xlink:href="source\\_manuscript\\site_libs\\quarto-html\\anchor.min.js"/>
  </item>
  <item item-type="article-source">
    <instance media-type="application/javascript" xlink:href="source\\_manuscript\\site_libs\\quarto-html\\popper.min.js"/>
  </item>
  <item item-type="article-source">
    <instance media-type="text/css" xlink:href="source\\_manuscript\\site_libs\\quarto-html\\quarto-syntax-highlighting.css"/>
  </item>
  <item item-type="article-source">
    <instance media-type="application/javascript" xlink:href="source\\_manuscript\\site_libs\\quarto-html\\quarto.js"/>
  </item>
  <item item-type="article-source">
    <instance media-type="text/css" xlink:href="source\\_manuscript\\site_libs\\quarto-html\\tippy.css"/>
  </item>
  <item item-type="article-source">
    <instance media-type="application/javascript" xlink:href="source\\_manuscript\\site_libs\\quarto-html\\tippy.umd.min.js"/>
  </item>
  <item item-type="article-source">
    <instance media-type="application/octet-stream" xlink:href="source\\_quarto.yml"/>
  </item>
  <item item-type="article-source">
    <instance media-type="application/octet-stream" xlink:href="source\\achemso.bst"/>
  </item>
  <item item-type="article-source">
    <instance media-type="application/octet-stream" xlink:href="source\\acs-index.bib"/>
  </item>
  <item item-type="article-source">
    <instance media-type="application/octet-stream" xlink:href="source\\agsm.bst"/>
  </item>
  <item item-type="article-source">
    <instance media-type="application/octet-stream" xlink:href="source\\agujournal2019.cls"/>
  </item>
  <item item-type="article-source">
    <instance media-type="image/png" xlink:href="source\\assets\\example_elr_frontend.png"/>
  </item>
  <item item-type="article-source">
    <instance media-type="image/png" xlink:href="source\\assets\\example_qp_frontend.png"/>
  </item>
  <item item-type="article-source">
    <instance media-type="image/jpeg" xlink:href="source\\assets\\external_pulls.jpg"/>
  </item>
  <item item-type="article-source">
    <instance media-type="image/svg+xml" xlink:href="source\\assets\\general_workflow.svg"/>
  </item>
  <item item-type="article-source">
    <instance media-type="image/jpeg" xlink:href="source\\assets\\gisaidflow.jpg"/>
  </item>
  <item item-type="article-source">
    <instance media-type="image/png" xlink:href="source\\assets\\nwpage_tree_logo.png"/>
  </item>
  <item item-type="article-source">
    <instance media-type="image/jpeg" xlink:href="source\\assets\\overview.jpg"/>
  </item>
  <item item-type="article-source">
    <instance media-type="image/svg+xml" xlink:href="source\\assets\\phl_1-0.drawio.svg"/>
  </item>
  <item item-type="article-source">
    <instance media-type="image/jpeg" xlink:href="source\\assets\\roster.jpg"/>
  </item>
  <item item-type="article-source">
    <instance media-type="text/plain" xlink:href="source\\assets\\styles.tex"/>
  </item>
  <item item-type="article-source">
    <instance media-type="application/octet-stream" xlink:href="source\\cites.bib"/>
  </item>
  <item item-type="article-source">
    <instance media-type="application/octet-stream" xlink:href="source\\index.qmd"/>
  </item>
  <item item-type="article-source">
    <instance media-type="application/octet-stream" xlink:href="source\\notebooks\\KEEP_NA_ROSTER_SECOND_IN_PROGRESS.Rmd"/>
  </item>
  <item item-type="article-source">
    <instance media-type="application/octet-stream" xlink:href="source\\notebooks\\ROSTER_COMPILE.Rmd"/>
  </item>
  <item item-type="article-source">
    <instance media-type="application/octet-stream" xlink:href="source\\notebooks\\elr.Rmd"/>
  </item>
  <item item-type="article-source">
    <instance media-type="application/json" xlink:href="source\\notebooks\\example_files\\execute-results\\html.json"/>
  </item>
  <item item-type="article-source">
    <instance media-type="application/octet-stream" xlink:href="source\\notebooks\\fuzzy.Rmd"/>
  </item>
  <item item-type="article-source">
    <instance media-type="application/octet-stream" xlink:href="source\\notebooks\\phl.Rmd"/>
  </item>
  <item item-type="article-source">
    <instance media-type="application/octet-stream" xlink:href="source\\notebooks\\pipeline_counts.qmd"/>
  </item>
  <item item-type="article-source">
    <instance media-type="application/octet-stream" xlink:href="source\\notebooks\\scripts\\functions.R"/>
  </item>
  <item item-type="article-source">
    <instance media-type="application/octet-stream" xlink:href="source\\notebooks\\scripts\\read_completed_submissions.R"/>
  </item>
  <item item-type="article-source">
    <instance media-type="application/octet-stream" xlink:href="source\\notebooks\\scripts\\read_for_review.R"/>
  </item>
  <item item-type="article-source">
    <instance media-type="application/octet-stream" xlink:href="source\\notebooks\\scripts\\read_fuzzy.R"/>
  </item>
  <item item-type="article-source">
    <instance media-type="application/octet-stream" xlink:href="source\\notebooks\\scripts\\read_keep_na.R"/>
  </item>
  <item item-type="article-source">
    <instance media-type="application/octet-stream" xlink:href="source\\notebooks\\template_submitters.Rmd"/>
  </item>
  <item item-type="article-source">
    <instance media-type="application/octet-stream" xlink:href="source\\references.bib"/>
  </item>
  <item item-type="article-source">
    <instance media-type="application/octet-stream" xlink:href="source\\trackchanges.sty"/>
  </item>
  <item item-type="article-source-directory">
    <instance media-type="application/x-directory" xlink:href="source"/>
  </item>
</manifest>